<?xml version="1.0" encoding="UTF-8"?>
<project-private xmlns="http://www.netbeans.org/ns/project-private/1">
    <editor-bookmarks xmlns="http://www.netbeans.org/ns/editor-bookmarks/2" lastBookmarkId="0"/>
    <open-files xmlns="http://www.netbeans.org/ns/projectui-open-files/2">
        <group>
            <file>file:/Users/ryannapastrana/Documents/CNIT255_Project%20Part%202/src/Delivery/Driver.java</file>
            <file>file:/Users/ryannapastrana/Documents/CNIT255_Project%20Part%202/src/Delivery/Entree.java</file>
            <file>file:/Users/ryannapastrana/Documents/CNIT255_Project%20Part%202/src/Delivery/Storage.java</file>
            <file>file:/Users/ryannapastrana/Documents/CNIT255_Project%20Part%202/src/Delivery/Delivery_Application.java</file>
            <file>file:/Users/ryannapastrana/Documents/CNIT255_Project%20Part%202/src/Delivery/Side.java</file>
            <file>file:/Users/ryannapastrana/Documents/CNIT255_Project%20Part%202/src/Delivery/Student.java</file>
            <file>file:/Users/ryannapastrana/Documents/CNIT255_Project%20Part%202/src/Delivery/Car.java</file>
        </group>
    </open-files>
</project-private>
